Id,Kode_Provinsi,Provinsi,Kabupaten_Kota,Jenis_Rumput_Laut,Tahun,Volume_Produksi_Ton,Nilai_Produksi_Rp_Juta,Total_Luas_Lahan_m2
1,51,BALI,BULELENG,RUMPUT LAUT COTTONII,2019,40,81,10751000
2,51,BALI,KLUNGKUNG,RUMPUT LAUT COTTONII,2019,465,676,10751000
3,51,BALI,KLUNGKUNG,RUMPUT LAUT SPINOSUM,2019,36,66,10751000
4,51,BALI,KOTA DENPASAR,RUMPUT LAUT COTTONII,2019,307,460,10751000
5,36,BANTEN,PANDEGLANG,RUMPUT LAUT COTTONII,2019,30,60,952050000
6,36,BANTEN,PANDEGLANG,RUMPUT LAUT SPINOSUM,2019,52,156,952050000
7,36,BANTEN,SERANG,RUMPUT LAUT COTTONII,2019,11905,17858,952050000
8,36,BANTEN,SERANG,RUMPUT LAUT SPINOSUM,2019,10016,15024,952050000
9,36,BANTEN,TANGERANG,RUMPUT LAUT GRACILARIA,2019,431,1724,952050000
10,17,BENGKULU,KAUR,RUMPUT LAUT COTTONII,2019,60,1500,20000000
11,31,DKI JAKARTA,ADM KEP SERIBU,RUMPUT LAUT COTTONII,2019,253,2028,50000
12,75,GORONTALO,GORONTALO UTARA,RUMPUT LAUT COTTONII,2019,7196,35982,413500000
13,75,GORONTALO,GORONTALO UTARA,RUMPUT LAUT SPINOSUM,2019,2100,10500,413500000
14,75,GORONTALO,PAHUWATO,RUMPUT LAUT COTTONII,2019,7,21,413500000
15,75,GORONTALO,PAHUWATO,RUMPUT LAUT SPINOSUM,2019,25,75,413500000
16,33,JAWA TENGAH,BREBES,RUMPUT LAUT COTTONII,2019,10559,10559,1696000000
17,33,JAWA TENGAH,JEPARA,RUMPUT LAUT COTTONII,2019,6543,9815,1696000000
18,33,JAWA TENGAH,JEPARA,RUMPUT LAUT SPINOSUM,2019,10065,18118,1696000000
19,35,JAWA TIMUR,BANYUWANGI,RUMPUT LAUT COTTONII,2019,1027,2260,198467900
20,35,JAWA TIMUR,BANYUWANGI,RUMPUT LAUT SPINOSUM,2019,1714,3771,198467900
21,35,JAWA TIMUR,PACITAN,RUMPUT LAUT COTTONII,2019,1,5,198467900
22,35,JAWA TIMUR,PACITAN,RUMPUT LAUT SPINOSUM,2019,55,278,198467900
23,35,JAWA TIMUR,PAMEKASAN,RUMPUT LAUT COTTONII,2019,403,1413,198467900
24,35,JAWA TIMUR,PAMEKASAN,RUMPUT LAUT SPINOSUM,2019,331,653,198467900
25,35,JAWA TIMUR,SITUBONDO,RUMPUT LAUT COTTONII,2019,51,72,198467900
26,35,JAWA TIMUR,SUMENEP,RUMPUT LAUT COTTONII,2019,670453,3352265,198467900
27,61,KALIMANTAN BARAT,BENGKAYANG,RUMPUT LAUT SPINOSUM,2019,20,500,2000000
28,63,KALIMANTAN SELATAN,KOTABARU,RUMPUT LAUT COTTONII,2019,50,199,62599000
29,63,KALIMANTAN SELATAN,TANAH BUMBU,RUMPUT LAUT COTTONII,2019,25,47,62599000
30,64,KALIMANTAN TIMUR,KOTA BALIKPAPAN,RUMPUT LAUT COTTONII,2019,25,96,247500600
31,64,KALIMANTAN TIMUR,KOTA BONTANG,RUMPUT LAUT COTTONII,2019,5619,13969,247500600
32,64,KALIMANTAN TIMUR,KUTAI KARTANEGARA,RUMPUT LAUT COTTONII,2019,653,2869,247500600
33,64,KALIMANTAN TIMUR,KUTAI TIMUR,RUMPUT LAUT COTTONII,2019,102,683,247500600
34,64,KALIMANTAN TIMUR,PASER,RUMPUT LAUT COTTONII,2019,8,21,247500600
35,64,KALIMANTAN TIMUR,PENAJAM PASER UTARA,RUMPUT LAUT COTTONII,2019,33,49,247500600
36,65,KALIMANTAN UTARA,KOTA TARAKAN,RUMPUT LAUT COTTONII,2019,152576,333602,25152000000
37,65,KALIMANTAN UTARA,NUNUKAN,RUMPUT LAUT COTTONII,2019,337122,452339,25152000000
38,21,KEPULAUAN RIAU,KARIMUN,RUMPUT LAUT COTTONII,2019,1004,9540,186720000
39,21,KEPULAUAN RIAU,KARIMUN,RUMPUT LAUT SPINOSUM,2019,1208,9670,186720000
40,21,KEPULAUAN RIAU,KEPULAUAN ANAMBAS,RUMPUT LAUT COTTONII,2019,1,9,186720000
41,21,KEPULAUAN RIAU,KOTA BATAM,RUMPUT LAUT COTTONII,2019,2582,24531,186720000
42,21,KEPULAUAN RIAU,LINGGA,RUMPUT LAUT COTTONII,2019,1,9,186720000
43,21,KEPULAUAN RIAU,NATUNA,RUMPUT LAUT COTTONII,2019,13,164,186720000
44,18,LAMPUNG,LAMPUNG SELATAN,RUMPUT LAUT COTTONII,2019,2048,4096,267000000
45,18,LAMPUNG,LAMPUNG SELATAN,RUMPUT LAUT SPINOSUM,2019,2133,4266,267000000
46,81,MALUKU,KAB MALUKU TENGGARA BARAT,RUMPUT LAUT COTTONII,2019,78655,393275,7745500000
47,81,MALUKU,KEPULAUAN ARU,RUMPUT LAUT COTTONII,2019,24995,74987,7745500000
48,81,MALUKU,KOTA AMBON,RUMPUT LAUT COTTONII,2019,228,1820,7745500000
49,81,MALUKU,KOTA TUAL,RUMPUT LAUT COTTONII,2019,260350,611823,7745500000
50,81,MALUKU,MALUKU BARAT DAYA,RUMPUT LAUT COTTONII,2019,19427,23312,7745500000
51,81,MALUKU,MALUKU TENGGARA,RUMPUT LAUT COTTONII,2019,234606,557191,7745500000
52,81,MALUKU,SERAM BAGIAN BARAT,RUMPUT LAUT COTTONII,2019,168,505,7745500000
53,81,MALUKU,SERAM BAGIAN TIMUR,RUMPUT LAUT COTTONII,2019,83,416,7745500000
54,82,MALUKU UTARA,HALMAHERA BARAT,RUMPUT LAUT SPINOSUM,2019,102,617,426881900
55,82,MALUKU UTARA,HALMAHERA SELATAN,RUMPUT LAUT SPINOSUM,2019,151,910,426881900
56,82,MALUKU UTARA,HALMAHERA TENGAH,RUMPUT LAUT COTTONII,2019,21,126,426881900
57,82,MALUKU UTARA,HALMAHERA TENGAH,RUMPUT LAUT SPINOSUM,2019,30,185,426881900
58,82,MALUKU UTARA,HALMAHERA TIMUR,RUMPUT LAUT COTTONII,2019,619,2945,426881900
59,82,MALUKU UTARA,KEPULAUAN SULA,RUMPUT LAUT SARGASSUM,2019,56235,281548,426881900
60,82,MALUKU UTARA,KOTA TIDORE KEPULAUAN,RUMPUT LAUT COTTONII,2019,10,42,426881900
61,82,MALUKU UTARA,PULAU MOROTAI,RUMPUT LAUT SARGASSUM,2019,5790,23160,426881900
62,82,MALUKU UTARA,PULAU TALIABU,RUMPUT LAUT SARGASSUM,2019,18592,86370,426881900
63,52,NUSA TENGGARA BARAT,BIMA,RUMPUT LAUT COTTONII,2019,55981,83972,18563196200
64,52,NUSA TENGGARA BARAT,BIMA,RUMPUT LAUT SPINOSUM,2019,57020,85530,18563196200
65,52,NUSA TENGGARA BARAT,DOMPU,RUMPUT LAUT COTTONII,2019,1044,5010,18563196200
66,52,NUSA TENGGARA BARAT,DOMPU,RUMPUT LAUT GRACILARIA,2019,104,261,18563196200
67,52,NUSA TENGGARA BARAT,LOMBOK BARAT,RUMPUT LAUT SPINOSUM,2019,52688,237096,18563196200
68,52,NUSA TENGGARA BARAT,LOMBOK TENGAH,RUMPUT LAUT COTTONII,2019,27503,78615,18563196200
69,52,NUSA TENGGARA BARAT,LOMBOK TIMUR,RUMPUT LAUT COTTONII,2019,3863,11590,18563196200
70,52,NUSA TENGGARA BARAT,LOMBOK TIMUR,RUMPUT LAUT SPINOSUM,2019,120,241,18563196200
71,52,NUSA TENGGARA BARAT,SUMBAWA,RUMPUT LAUT COTTONII,2019,580509,1886805,18563196200
72,52,NUSA TENGGARA BARAT,SUMBAWA BARAT,RUMPUT LAUT COTTONII,2019,51500,154500,18563196200
73,52,NUSA TENGGARA BARAT,SUMBAWA BARAT,RUMPUT LAUT SPINOSUM,2019,37672,111316,18563196200
74,53,NUSA TENGGARA TIMUR,ALOR,RUMPUT LAUT COTTONII,2019,1902,4756,7814744800
75,53,NUSA TENGGARA TIMUR,FLORES TIMUR,RUMPUT LAUT COTTONII,2019,112371,280928,7814744800
76,53,NUSA TENGGARA TIMUR,KUPANG,RUMPUT LAUT COTTONII,2019,1277765,3833295,7814744800
77,53,NUSA TENGGARA TIMUR,LEMBATA,RUMPUT LAUT COTTONII,2019,337,843,7814744800
78,53,NUSA TENGGARA TIMUR,LEMBATA,RUMPUT LAUT SPINOSUM,2019,10,26,7814744800
79,53,NUSA TENGGARA TIMUR,NAGEKEO,RUMPUT LAUT COTTONII,2019,60,180,7814744800
80,53,NUSA TENGGARA TIMUR,NGADA,RUMPUT LAUT COTTONII,2019,299,1049,7814744800
81,53,NUSA TENGGARA TIMUR,ROTE NDAO,RUMPUT LAUT COTTONII,2019,101071,389661,7814744800
82,53,NUSA TENGGARA TIMUR,SABU RAIJUA,RUMPUT LAUT COTTONII,2019,75759,215914,7814744800
83,53,NUSA TENGGARA TIMUR,SUMBA BARAT DAYA,RUMPUT LAUT COTTONII,2019,3319,11618,7814744800
84,53,NUSA TENGGARA TIMUR,SUMBA TIMUR,RUMPUT LAUT COTTONII,2019,22843,57109,7814744800
85,94,PAPUA,BIAK NUMFOR,RUMPUT LAUT COTTONII,2019,110,165,25808000
86,94,PAPUA,BIAK NUMFOR,RUMPUT LAUT SPINOSUM,2019,272,272,25808000
87,94,PAPUA,KEPULAUAN YAPEN,RUMPUT LAUT COTTONII,2019,99,140,25808000
88,94,PAPUA,SUPIORI,RUMPUT LAUT COTTONII,2019,112,136,25808000
89,91,PAPUA BARAT,FAK FAK,RUMPUT LAUT COTTONII,2019,10163,50816,54037000
90,91,PAPUA BARAT,KAIMANA,RUMPUT LAUT COTTONII,2019,1312,1050,54037000
91,91,PAPUA BARAT,RAJA AMPAT,RUMPUT LAUT COTTONII,2019,19,7,54037000
92,91,PAPUA BARAT,SORONG,RUMPUT LAUT COTTONII,2019,120,540,54037000
93,91,PAPUA BARAT,SORONG,RUMPUT LAUT SPINOSUM,2019,155,1395,54037000
94,91,PAPUA BARAT,TELUK WONDAMA,RUMPUT LAUT COTTONII,2019,12,36,54037000
95,91,PAPUA BARAT,TELUK WONDAMA,RUMPUT LAUT SPINOSUM,2019,138,416,54037000
96,76,SULAWESI BARAT,MAMUJU,RUMPUT LAUT COTTONII,2019,56607,141517,640962500
97,76,SULAWESI BARAT,MAMUJU TENGAH,RUMPUT LAUT COTTONII,2019,2325,51157,640962500
98,76,SULAWESI BARAT,POLEWALI MANDAR,RUMPUT LAUT COTTONII,2019,11587,52142,640962500
99,73,SULAWESI SELATAN,BANTAENG,RUMPUT LAUT COTTONII,2019,16075,50188,64526381400
100,73,SULAWESI SELATAN,BANTAENG,RUMPUT LAUT SPINOSUM,2019,68730,65677,64526381400
101,73,SULAWESI SELATAN,BARRU,RUMPUT LAUT COTTONII,2019,1113,4128,64526381400
102,73,SULAWESI SELATAN,BONE,RUMPUT LAUT COTTONII,2019,180195,720782,64526381400
103,73,SULAWESI SELATAN,BULUKUMBA,RUMPUT LAUT COTTONII,2019,176529,706119,64526381400
104,73,SULAWESI SELATAN,JENEPONTO,RUMPUT LAUT COTTONII,2019,138623,859811,64526381400
105,73,SULAWESI SELATAN,JENEPONTO,RUMPUT LAUT SPINOSUM,2019,26413,110732,64526381400
106,73,SULAWESI SELATAN,KEPULAUAN SELAYAR,RUMPUT LAUT COTTONII,2019,313,861,64526381400
107,73,SULAWESI SELATAN,KEPULAUAN SELAYAR,RUMPUT LAUT SPINOSUM,2019,82,412,64526381400
108,73,SULAWESI SELATAN,KOTA PALOPO,RUMPUT LAUT COTTONII,2019,26684,83999,64526381400
109,73,SULAWESI SELATAN,LUWU,RUMPUT LAUT COTTONII,2019,286139,672708,64526381400
110,73,SULAWESI SELATAN,LUWU TIMUR,RUMPUT LAUT COTTONII,2019,148690,520416,64526381400
111,73,SULAWESI SELATAN,LUWU UTARA,RUMPUT LAUT COTTONII,2019,37299,102089,64526381400
112,73,SULAWESI SELATAN,PANGKAJENE KEPULAUAN,RUMPUT LAUT COTTONII,2019,317676,1195622,64526381400
113,73,SULAWESI SELATAN,PANGKAJENE KEPULAUAN,RUMPUT LAUT SPINOSUM,2019,117829,201119,64526381400
114,73,SULAWESI SELATAN,PINRANG,RUMPUT LAUT COTTONII,2019,18459,66452,64526381400
115,73,SULAWESI SELATAN,PINRANG,RUMPUT LAUT GRACILARIA,2019,207,77,64526381400
116,73,SULAWESI SELATAN,SINJAI,RUMPUT LAUT SPINOSUM,2019,18165,15043,64526381400
117,73,SULAWESI SELATAN,TAKALAR,RUMPUT LAUT COTTONII,2019,332781,1226287,64526381400
118,73,SULAWESI SELATAN,TAKALAR,RUMPUT LAUT SPINOSUM,2019,91393,109671,64526381400
119,73,SULAWESI SELATAN,WAJO,RUMPUT LAUT COTTONII,2019,433300,1676753,64526381400
120,72,SULAWESI TENGAH,BANGGAI,RUMPUT LAUT COTTONII,2019,1352,4056,25897000000
121,72,SULAWESI TENGAH,BANGGAI,RUMPUT LAUT SPINOSUM,2019,0,1,25897000000
122,72,SULAWESI TENGAH,BANGGAI KEPULAUAN,RUMPUT LAUT COTTONII,2019,678219,2034657,25897000000
123,72,SULAWESI TENGAH,BANGGAI LAUT,RUMPUT LAUT COTTONII,2019,20845,62535,25897000000
124,72,SULAWESI TENGAH,DONGGALA,RUMPUT LAUT COTTONII,2019,3006,15030,25897000000
125,72,SULAWESI TENGAH,MOROWALI,RUMPUT LAUT COTTONII,2019,86300,428005,25897000000
126,72,SULAWESI TENGAH,MOROWALI,RUMPUT LAUT SPINOSUM,2019,114940,229880,25897000000
127,72,SULAWESI TENGAH,MOROWALI UTARA,RUMPUT LAUT COTTONII,2019,26,80,25897000000
128,72,SULAWESI TENGAH,PARIGI MOUTONG,RUMPUT LAUT COTTONII,2019,11766,50274,25897000000
129,72,SULAWESI TENGAH,PARIGI MOUTONG,RUMPUT LAUT SPINOSUM,2019,722,1613,25897000000
130,72,SULAWESI TENGAH,POSO,RUMPUT LAUT COTTONII,2019,1019,2314,25897000000
131,72,SULAWESI TENGAH,TOJO UNA UNA,RUMPUT LAUT COTTONII,2019,6436,12872,25897000000
132,72,SULAWESI TENGAH,TOLI TOLI,RUMPUT LAUT COTTONII,2019,625,4114,25897000000
133,72,SULAWESI TENGAH,TOLI TOLI,RUMPUT LAUT SPINOSUM,2019,79,159,25897000000
134,74,SULAWESI TENGGARA,BOMBANA,RUMPUT LAUT COTTONII,2019,4980,22581,28716814700
135,74,SULAWESI TENGGARA,BOMBANA,RUMPUT LAUT SPINOSUM,2019,18595,24032,28716814700
136,74,SULAWESI TENGGARA,BUTON,RUMPUT LAUT COTTONII,2019,5136,22963,28716814700
137,74,SULAWESI TENGGARA,BUTON,RUMPUT LAUT SPINOSUM,2019,1326,3488,28716814700
138,74,SULAWESI TENGGARA,BUTON SELATAN,RUMPUT LAUT COTTONII,2019,3754,10749,28716814700
139,74,SULAWESI TENGGARA,BUTON TENGAH,RUMPUT LAUT COTTONII,2019,11752,49780,28716814700
140,74,SULAWESI TENGGARA,BUTON TENGAH,RUMPUT LAUT SPINOSUM,2019,16438,60318,28716814700
141,74,SULAWESI TENGGARA,BUTON UTARA,RUMPUT LAUT COTTONII,2019,28204,76404,28716814700
142,74,SULAWESI TENGGARA,KOLAKA,RUMPUT LAUT COTTONII,2019,25644,97895,28716814700
143,74,SULAWESI TENGGARA,KOLAKA UTARA,RUMPUT LAUT COTTONII,2019,8554,25662,28716814700
144,74,SULAWESI TENGGARA,KONAWE KEPULAUAN,RUMPUT LAUT COTTONII,2019,40,115,28716814700
145,74,SULAWESI TENGGARA,KONAWE KEPULAUAN,RUMPUT LAUT SPINOSUM,2019,82,412,28716814700
146,74,SULAWESI TENGGARA,KONAWE SELATAN,RUMPUT LAUT COTTONII,2019,42869,214347,28716814700
147,74,SULAWESI TENGGARA,KOTA BAU BAU,RUMPUT LAUT COTTONII,2019,17965,53897,28716814700
148,74,SULAWESI TENGGARA,MUNA,RUMPUT LAUT COTTONII,2019,136438,779448,28716814700
149,74,SULAWESI TENGGARA,MUNA BARAT,RUMPUT LAUT COTTONII,2019,1325,3975,28716814700
150,74,SULAWESI TENGGARA,MUNA BARAT,RUMPUT LAUT SPINOSUM,2019,1326,6630,28716814700
151,74,SULAWESI TENGGARA,WAKATOBI,RUMPUT LAUT COTTONII,2019,4672,11681,28716814700
152,74,SULAWESI TENGGARA,WAKATOBI,RUMPUT LAUT SPINOSUM,2019,17780,17780,28716814700
153,71,SULAWESI UTARA,MINAHASA,RUMPUT LAUT SPINOSUM,2019,6471,25885,3188138500
154,71,SULAWESI UTARA,MINAHASA SELATAN,RUMPUT LAUT COTTONII,2019,22,88,3188138500
155,71,SULAWESI UTARA,MINAHASA SELATAN,RUMPUT LAUT SPINOSUM,2019,95,381,3188138500
156,71,SULAWESI UTARA,MINAHASA TENGGARA,RUMPUT LAUT SPINOSUM,2019,15,60,3188138500
157,71,SULAWESI UTARA,MINAHASA UTARA,RUMPUT LAUT COTTONII,2019,28444,98898,3188138500
158,71,SULAWESI UTARA,MINAHASA UTARA,RUMPUT LAUT SPINOSUM,2019,322548,787204,3188138500
159,71,SUMATERA UTARA,NIAS UTARA,RUMPUT LAUT SPINOSUM,2019,180,2700,3188138500
160,51,BALI,KLUNGKUNG,RUMPUT LAUT COTTONII,2020,16399,31158,37290000
161,51,BALI,KLUNGKUNG,RUMPUT LAUT SPINOSUM,2020,441,573,37290000
162,51,BALI,KOTA DENPASAR,RUMPUT LAUT COTTONII,2020,305,427,37290000
163,36,BANTEN,PANDEGLANG,RUMPUT LAUT SPINOSUM,2020,31,126,952050000
164,36,BANTEN,SERANG,RUMPUT LAUT COTTONII,2020,11905,17858,952050000
165,36,BANTEN,SERANG,RUMPUT LAUT SPINOSUM,2020,10016,15024,952050000
166,31,DKI JAKARTA,ADM KEP SERIBU,RUMPUT LAUT COTTONII,2020,104,836,50000
167,31,DKI JAKARTA,ADM KEP SERIBU,RUMPUT LAUT SPINOSUM,2020,12,90,50000
168,75,GORONTALO,GORONTALO UTARA,RUMPUT LAUT GRACILARIA,2020,8667,43335,413500000
169,75,GORONTALO,PAHUWATO,RUMPUT LAUT SPINOSUM,2020,4,12,413500000
170,32,JAWA BARAT,INDRAMAYU,RUMPUT LAUT GRACILARIA,2020,42391,104416,280000000
171,32,JAWA BARAT,KARAWANG,RUMPUT LAUT GRACILARIA,2020,750,5625,280000000
172,33,JAWA TENGAH,BREBES,RUMPUT LAUT GRACILARIA,2020,55428,55428,1909826700
173,33,JAWA TENGAH,JEPARA,RUMPUT LAUT SPINOSUM,2020,23663,42594,1909826700
174,33,JAWA TENGAH,KOTA TEGAL,RUMPUT LAUT GRACILARIA,2020,160,723,1909826700
175,35,JAWA TIMUR,BANYUWANGI,RUMPUT LAUT COTTONII,2020,3903,8586,193181400
176,35,JAWA TIMUR,PACITAN,RUMPUT LAUT SPINOSUM,2020,155,776,193181400
177,35,JAWA TIMUR,PAMEKASAN,RUMPUT LAUT COTTONII,2020,9,28,193181400
178,35,JAWA TIMUR,SITUBONDO,RUMPUT LAUT COTTONII,2020,198,422,193181400
179,35,JAWA TIMUR,SUMENEP,RUMPUT LAUT COTTONII,2020,683425,2575607,193181400
180,61,KALIMANTAN BARAT,BENGKAYANG,RUMPUT LAUT SARGASSUM,2020,44,528,1500000
181,61,KALIMANTAN BARAT,BENGKAYANG,RUMPUT LAUT SPINOSUM,2020,49,245,1500000
182,64,KALIMANTAN TIMUR,KOTA BALIKPAPAN,RUMPUT LAUT COTTONII,2020,77,311,272000000
183,64,KALIMANTAN TIMUR,KOTA BONTANG,RUMPUT LAUT GRACILARIA,2020,2143,4286,272000000
184,64,KALIMANTAN TIMUR,KOTA BONTANG,RUMPUT LAUT SPINOSUM,2020,1940,3880,272000000
185,64,KALIMANTAN TIMUR,KUTAI KARTANEGARA,RUMPUT LAUT SPINOSUM,2020,823,3883,272000000
186,64,KALIMANTAN TIMUR,KUTAI TIMUR,RUMPUT LAUT SPINOSUM,2020,37,173,272000000
187,64,KALIMANTAN TIMUR,PASER,RUMPUT LAUT SPINOSUM,2020,36,109,272000000
188,65,KALIMANTAN UTARA,KOTA TARAKAN,RUMPUT LAUT COTTONII,2020,185491,501169,7428000000
189,65,KALIMANTAN UTARA,NUNUKAN,RUMPUT LAUT COTTONII,2020,337765,422207,7428000000
190,19,KEPULAUAN BANGKA BELITUNG,BELITUNG,RUMPUT LAUT SPINOSUM,2020,21,30,1000000
191,21,KEPULAUAN RIAU,KARIMUN,RUMPUT LAUT COTTONII,2020,1650,16509,149523200
192,21,KEPULAUAN RIAU,KEPULAUAN ANAMBAS,RUMPUT LAUT COTTONII,2020,11,118,149523200
193,21,KEPULAUAN RIAU,KOTA BATAM,RUMPUT LAUT COTTONII,2020,2406,24069,149523200
194,21,KEPULAUAN RIAU,LINGGA,RUMPUT LAUT COTTONII,2020,5,58,149523200
195,21,KEPULAUAN RIAU,NATUNA,RUMPUT LAUT COTTONII,2020,19,168,149523200
196,18,LAMPUNG,LAMPUNG SELATAN,RUMPUT LAUT COTTONII,2020,5334,10668,267000000
197,18,LAMPUNG,LAMPUNG SELATAN,RUMPUT LAUT SPINOSUM,2020,5,11,267000000
198,81,MALUKU,KAB MALUKU TENGGARA BARAT,RUMPUT LAUT COTTONII,2020,52376,261880,4129950000
199,81,MALUKU,KEPULAUAN ARU,RUMPUT LAUT COTTONII,2020,10818,23761,4129950000
200,81,MALUKU,KOTA AMBON,RUMPUT LAUT COTTONII,2020,5,25,4129950000
201,81,MALUKU,KOTA TUAL,RUMPUT LAUT COTTONII,2020,72839,364195,4129950000
202,81,MALUKU,MALUKU BARAT DAYA,RUMPUT LAUT COTTONII,2020,31162,34599,4129950000
203,81,MALUKU,MALUKU TENGGARA,RUMPUT LAUT COTTONII,2020,24156,34121,4129950000
204,81,MALUKU,SERAM BAGIAN BARAT,RUMPUT LAUT COTTONII,2020,47,142,4129950000
205,81,MALUKU,SERAM BAGIAN TIMUR,RUMPUT LAUT COTTONII,2020,34,173,4129950000
206,81,MALUKU,SERAM BAGIAN TIMUR,RUMPUT LAUT SPINOSUM,2020,49,248,4129950000
207,82,MALUKU UTARA,HALMAHERA BARAT,RUMPUT LAUT SPINOSUM,2020,102,617,372844000
208,82,MALUKU UTARA,HALMAHERA SELATAN,RUMPUT LAUT SPINOSUM,2020,151,910,372844000
209,82,MALUKU UTARA,HALMAHERA TENGAH,RUMPUT LAUT COTTONII,2020,21,126,372844000
210,82,MALUKU UTARA,HALMAHERA TENGAH,RUMPUT LAUT SPINOSUM,2020,31,186,372844000
211,82,MALUKU UTARA,HALMAHERA TIMUR,RUMPUT LAUT COTTONII,2020,619,2945,372844000
212,82,MALUKU UTARA,KEPULAUAN SULA,RUMPUT LAUT SARGASSUM,2020,56235,281548,372844000
213,82,MALUKU UTARA,KOTA TIDORE KEPULAUAN,RUMPUT LAUT COTTONII,2020,10,42,372844000
214,82,MALUKU UTARA,PULAU MOROTAI,RUMPUT LAUT SARGASSUM,2020,5790,23160,372844000
215,82,MALUKU UTARA,PULAU TALIABU,RUMPUT LAUT SARGASSUM,2020,18592,86370,372844000
216,52,NUSA TENGGARA BARAT,BIMA,RUMPUT LAUT GRACILARIA,2020,83575,125363,12429676100
217,52,NUSA TENGGARA BARAT,DOMPU,RUMPUT LAUT COTTONII,2020,1824,9121,12429676100
218,52,NUSA TENGGARA BARAT,DOMPU,RUMPUT LAUT GRACILARIA,2020,12,30,12429676100
219,52,NUSA TENGGARA BARAT,LOMBOK BARAT,RUMPUT LAUT GRACILARIA,2020,55483,110967,12429676100
220,52,NUSA TENGGARA BARAT,LOMBOK TENGAH,RUMPUT LAUT COTTONII,2020,30208,80407,12429676100
221,52,NUSA TENGGARA BARAT,LOMBOK TIMUR,RUMPUT LAUT COTTONII,2020,4324,15136,12429676100
222,52,NUSA TENGGARA BARAT,SUMBAWA,RUMPUT LAUT SPINOSUM,2020,465049,1627671,12429676100
223,52,NUSA TENGGARA BARAT,SUMBAWA BARAT,RUMPUT LAUT SPINOSUM,2020,8411,25234,12429676100
224,53,NUSA TENGGARA TIMUR,ALOR,RUMPUT LAUT SPINOSUM,2020,1989,4973,7907309600
225,53,NUSA TENGGARA TIMUR,FLORES TIMUR,RUMPUT LAUT SPINOSUM,2020,113274,283186,7907309600
226,53,NUSA TENGGARA TIMUR,KUPANG,RUMPUT LAUT COTTONII,2020,1879265,4954188,7907309600
227,53,NUSA TENGGARA TIMUR,LEMBATA,RUMPUT LAUT SPINOSUM,2020,381,952,7907309600
228,53,NUSA TENGGARA TIMUR,NAGEKEO,RUMPUT LAUT SPINOSUM,2020,61,185,7907309600
229,53,NUSA TENGGARA TIMUR,NGADA,RUMPUT LAUT SPINOSUM,2020,392,1374,7907309600
230,53,NUSA TENGGARA TIMUR,ROTE NDAO,RUMPUT LAUT SPINOSUM,2020,49542,247712,7907309600
231,53,NUSA TENGGARA TIMUR,SABU RAIJUA,RUMPUT LAUT SPINOSUM,2020,80702,230002,7907309600
232,53,NUSA TENGGARA TIMUR,SUMBA BARAT DAYA,RUMPUT LAUT SPINOSUM,2020,3554,12439,7907309600
233,53,NUSA TENGGARA TIMUR,SUMBA TIMUR,RUMPUT LAUT COTTONII,2020,29737,89213,7907309600
234,94,PAPUA,BIAK NUMFOR,RUMPUT LAUT COTTONII,2020,160,241,7424800
235,94,PAPUA,BIAK NUMFOR,RUMPUT LAUT SPINOSUM,2020,268,268,7424800
236,94,PAPUA,KEPULAUAN YAPEN,RUMPUT LAUT COTTONII,2020,103,146,7424800
237,94,PAPUA,SUPIORI,RUMPUT LAUT COTTONII,2020,132,164,7424800
238,91,PAPUA BARAT,FAK FAK,RUMPUT LAUT COTTONII,2020,3,15,9150000
239,91,PAPUA BARAT,KAIMANA,RUMPUT LAUT COTTONII,2020,7,39,9150000
240,91,PAPUA BARAT,KAIMANA,RUMPUT LAUT SPINOSUM,2020,7,76,9150000
241,91,PAPUA BARAT,RAJA AMPAT,RUMPUT LAUT COTTONII,2020,1,7,9150000
242,91,PAPUA BARAT,SORONG,RUMPUT LAUT SPINOSUM,2020,214,1934,9150000
243,91,PAPUA BARAT,TELUK WONDAMA,RUMPUT LAUT COTTONII,2020,318,1114,9150000
244,91,PAPUA BARAT,TELUK WONDAMA,RUMPUT LAUT SPINOSUM,2020,54,189,9150000
245,76,SULAWESI BARAT,MAMUJU,RUMPUT LAUT SPINOSUM,2020,56104,140261,788688200
246,76,SULAWESI BARAT,MAMUJU TENGAH,RUMPUT LAUT COTTONII,2020,11213,28034,788688200
247,76,SULAWESI BARAT,MAMUJU TENGAH,RUMPUT LAUT SPINOSUM,2020,12155,36465,788688200
248,76,SULAWESI BARAT,POLEWALI MANDAR,RUMPUT LAUT SPINOSUM,2020,14713,66210,788688200
249,73,SULAWESI SELATAN,BANTAENG,RUMPUT LAUT COTTONII,2020,38046,180303,40317839200
250,73,SULAWESI SELATAN,BANTAENG,RUMPUT LAUT SPINOSUM,2020,48679,54639,40317839200
251,73,SULAWESI SELATAN,BARRU,RUMPUT LAUT COTTONII,2020,1179,5750,40317839200
252,73,SULAWESI SELATAN,BONE,RUMPUT LAUT COTTONII,2020,80218,200546,40317839200
253,73,SULAWESI SELATAN,BONE,RUMPUT LAUT SPINOSUM,2020,104691,261729,40317839200
254,73,SULAWESI SELATAN,BULUKUMBA,RUMPUT LAUT COTTONII,2020,94188,188376,40317839200
255,73,SULAWESI SELATAN,BULUKUMBA,RUMPUT LAUT SPINOSUM,2020,97200,194401,40317839200
256,73,SULAWESI SELATAN,JENEPONTO,RUMPUT LAUT COTTONII,2020,217894,821741,40317839200
257,73,SULAWESI SELATAN,JENEPONTO,RUMPUT LAUT SPINOSUM,2020,13859,8826,40317839200
258,73,SULAWESI SELATAN,KEPULAUAN SELAYAR,RUMPUT LAUT COTTONII,2020,511,2044,40317839200
259,73,SULAWESI SELATAN,KEPULAUAN SELAYAR,RUMPUT LAUT SPINOSUM,2020,130,130,40317839200
260,73,SULAWESI SELATAN,KOTA PALOPO,RUMPUT LAUT COTTONII,2020,13838,48434,40317839200
261,73,SULAWESI SELATAN,KOTA PALOPO,RUMPUT LAUT GRACILARIA,2020,17021,76595,40317839200
262,73,SULAWESI SELATAN,LUWU,RUMPUT LAUT SPINOSUM,2020,290431,872078,40317839200
263,73,SULAWESI SELATAN,LUWU TIMUR,RUMPUT LAUT COTTONII,2020,147820,235993,40317839200
264,73,SULAWESI SELATAN,LUWU UTARA,RUMPUT LAUT COTTONII,2020,38418,93343,40317839200
265,73,SULAWESI SELATAN,MAROS,RUMPUT LAUT COTTONII,2020,39,119,40317839200
266,73,SULAWESI SELATAN,MAROS,RUMPUT LAUT SPINOSUM,2020,15,35,40317839200
267,73,SULAWESI SELATAN,PANGKAJENE KEPULAUAN,RUMPUT LAUT COTTONII,2020,310948,932846,40317839200
268,73,SULAWESI SELATAN,PANGKAJENE KEPULAUAN,RUMPUT LAUT SPINOSUM,2020,99350,447076,40317839200
269,73,SULAWESI SELATAN,PINRANG,RUMPUT LAUT SPINOSUM,2020,13211,39634,40317839200
270,73,SULAWESI SELATAN,SINJAI,RUMPUT LAUT SPINOSUM,2020,12925,11436,40317839200
271,73,SULAWESI SELATAN,TAKALAR,RUMPUT LAUT COTTONII,2020,222052,977901,40317839200
272,73,SULAWESI SELATAN,TAKALAR,RUMPUT LAUT GRACILARIA,2020,15317,65300,40317839200
273,73,SULAWESI SELATAN,TAKALAR,RUMPUT LAUT SPINOSUM,2020,120989,636323,40317839200
274,73,SULAWESI SELATAN,WAJO,RUMPUT LAUT COTTONII,2020,433317,1567753,40317839200
275,72,SULAWESI TENGAH,BANGGAI,RUMPUT LAUT COTTONII,2020,2750,10671,15921320000
276,72,SULAWESI TENGAH,BANGGAI KEPULAUAN,RUMPUT LAUT COTTONII,2020,691884,1796594,15921320000
277,72,SULAWESI TENGAH,BANGGAI LAUT,RUMPUT LAUT COTTONII,2020,22163,61714,15921320000
278,72,SULAWESI TENGAH,DONGGALA,RUMPUT LAUT COTTONII,2020,3199,15995,15921320000
279,72,SULAWESI TENGAH,MOROWALI,RUMPUT LAUT COTTONII,2020,83788,167576,15921320000
280,72,SULAWESI TENGAH,MOROWALI,RUMPUT LAUT SPINOSUM,2020,98260,171955,15921320000
281,72,SULAWESI TENGAH,MOROWALI UTARA,RUMPUT LAUT COTTONII,2020,178,536,15921320000
282,72,SULAWESI TENGAH,PARIGI MOUTONG,RUMPUT LAUT COTTONII,2020,9771,43972,15921320000
283,72,SULAWESI TENGAH,PARIGI MOUTONG,RUMPUT LAUT SPINOSUM,2020,1183,2366,15921320000
284,72,SULAWESI TENGAH,POSO,RUMPUT LAUT COTTONII,2020,1013,1013,15921320000
285,72,SULAWESI TENGAH,TOJO UNA UNA,RUMPUT LAUT COTTONII,2020,2028,6086,15921320000
286,72,SULAWESI TENGAH,TOJO UNA UNA,RUMPUT LAUT SPINOSUM,2020,5081,8441,15921320000
287,72,SULAWESI TENGAH,TOLI TOLI,RUMPUT LAUT COTTONII,2020,84,84,15921320000
288,72,SULAWESI TENGAH,TOLI TOLI,RUMPUT LAUT SPINOSUM,2020,92,92,15921320000
289,74,SULAWESI TENGGARA,BOMBANA,RUMPUT LAUT COTTONII,2020,5274,31620,4354142100
290,74,SULAWESI TENGGARA,BOMBANA,RUMPUT LAUT SPINOSUM,2020,8549,18839,4354142100
291,74,SULAWESI TENGGARA,BUTON,RUMPUT LAUT GRACILARIA,2020,3097,8077,4354142100
292,74,SULAWESI TENGGARA,BUTON,RUMPUT LAUT SPINOSUM,2020,14,14,4354142100
293,74,SULAWESI TENGGARA,BUTON SELATAN,RUMPUT LAUT COTTONII,2020,1918,5754,4354142100
294,74,SULAWESI TENGGARA,BUTON TENGAH,RUMPUT LAUT COTTONII,2020,10676,32030,4354142100
295,74,SULAWESI TENGGARA,BUTON TENGAH,RUMPUT LAUT SPINOSUM,2020,9476,11372,4354142100
296,74,SULAWESI TENGGARA,BUTON UTARA,RUMPUT LAUT COTTONII,2020,27181,67954,4354142100
297,74,SULAWESI TENGGARA,KOLAKA,RUMPUT LAUT COTTONII,2020,27302,88117,4354142100
298,74,SULAWESI TENGGARA,KOLAKA UTARA,RUMPUT LAUT COTTONII,2020,11543,42075,4354142100
299,74,SULAWESI TENGGARA,KONAWE KEPULAUAN,RUMPUT LAUT SPINOSUM,2020,78,391,4354142100
300,74,SULAWESI TENGGARA,KONAWE SELATAN,RUMPUT LAUT COTTONII,2020,33550,145652,4354142100
301,74,SULAWESI TENGGARA,KOTA BAU BAU,RUMPUT LAUT SPINOSUM,2020,18089,54269,4354142100
302,74,SULAWESI TENGGARA,MUNA,RUMPUT LAUT COTTONII,2020,89331,484958,4354142100
303,74,SULAWESI TENGGARA,MUNA,RUMPUT LAUT SPINOSUM,2020,256,615,4354142100
304,74,SULAWESI TENGGARA,MUNA BARAT,RUMPUT LAUT SPINOSUM,2020,1379,6554,4354142100
305,74,SULAWESI TENGGARA,WAKATOBI,RUMPUT LAUT COTTONII,2020,6150,11993,4354142100
306,74,SULAWESI TENGGARA,WAKATOBI,RUMPUT LAUT SPINOSUM,2020,18452,14392,4354142100
307,71,SULAWESI UTARA,KEPULAUAN SANGIHE,RUMPUT LAUT GRACILARIA,2020,3,23,1754565300
308,71,SULAWESI UTARA,MINAHASA,RUMPUT LAUT SPINOSUM,2020,1534,6136,1754565300
309,71,SULAWESI UTARA,MINAHASA SELATAN,RUMPUT LAUT SPINOSUM,2020,21,109,1754565300
310,71,SULAWESI UTARA,MINAHASA TENGGARA,RUMPUT LAUT SPINOSUM,2020,48,192,1754565300
311,71,SULAWESI UTARA,MINAHASA UTARA,RUMPUT LAUT COTTONII,2020,23704,79484,1754565300
312,71,SULAWESI UTARA,MINAHASA UTARA,RUMPUT LAUT SPINOSUM,2020,221711,499982,1754565300
313,51,BALI,KLUNGKUNG,RUMPUT LAUT COTTONII,2021,11367,22735,36510000
314,51,BALI,KOTA DENPASAR,RUMPUT LAUT COTTONII,2021,289,404,36510000
315,36,BANTEN,SERANG,RUMPUT LAUT COTTONII,2021,13799,68999,50000000
316,31,DKI JAKARTA,ADM KEP SERIBU,RUMPUT LAUT SPINOSUM,2021,126,821,2260000
317,75,GORONTALO,GORONTALO UTARA,RUMPUT LAUT COTTONII,2021,3240,16200,413000000
318,75,GORONTALO,GORONTALO UTARA,RUMPUT LAUT GRACILARIA,2021,6017,42122,413000000
319,75,GORONTALO,PAHUWATO,RUMPUT LAUT SPINOSUM,2021,7,38,413000000
320,32,JAWA BARAT,INDRAMAYU,RUMPUT LAUT GRACILARIA,2021,39921,99905,280000000
321,32,JAWA BARAT,KARAWANG,RUMPUT LAUT GRACILARIA,2021,757,5681,280000000
322,33,JAWA TENGAH,JEPARA,RUMPUT LAUT SPINOSUM,2021,32733,39280,2300927700
323,33,JAWA TENGAH,KOTA TEGAL,RUMPUT LAUT GRACILARIA,2021,160,724,2300927700
324,35,JAWA TIMUR,BANYUWANGI,RUMPUT LAUT COTTONII,2021,4190,9218,186973200
325,35,JAWA TIMUR,SITUBONDO,RUMPUT LAUT COTTONII,2021,1597,3194,186973200
326,35,JAWA TIMUR,SUMENEP,RUMPUT LAUT COTTONII,2021,663470,3317353,186973200
327,61,KALIMANTAN BARAT,BENGKAYANG,RUMPUT LAUT SPINOSUM,2021,10,40,1620000
328,61,KALIMANTAN BARAT,KAYONG UTARA,RUMPUT LAUT COTTONII,2021,10,43,1620000
329,64,KALIMANTAN TIMUR,KOTA BALIKPAPAN,RUMPUT LAUT COTTONII,2021,159,797,133398700
330,64,KALIMANTAN TIMUR,KOTA BONTANG,RUMPUT LAUT SPINOSUM,2021,4302,13985,133398700
331,64,KALIMANTAN TIMUR,KUTAI KARTANEGARA,RUMPUT LAUT COTTONII,2021,780,4673,133398700
332,64,KALIMANTAN TIMUR,KUTAI TIMUR,RUMPUT LAUT SPINOSUM,2021,110,332,133398700
333,65,KALIMANTAN UTARA,KOTA TARAKAN,RUMPUT LAUT COTTONII,2021,109888,197799,9662224000
334,65,KALIMANTAN UTARA,KOTA TARAKAN,RUMPUT LAUT SPINOSUM,2021,101757,305271,9662224000
335,65,KALIMANTAN UTARA,NUNUKAN,RUMPUT LAUT COTTONII,2021,416229,531607,9662224000
336,21,KEPULAUAN RIAU,KARIMUN,RUMPUT LAUT COTTONII,2021,502,602,106250000
337,21,KEPULAUAN RIAU,KARIMUN,RUMPUT LAUT SPINOSUM,2021,502,2510,106250000
338,21,KEPULAUAN RIAU,KOTA BATAM,RUMPUT LAUT SPINOSUM,2021,717,860,106250000
339,21,KEPULAUAN RIAU,NATUNA,RUMPUT LAUT COTTONII,2021,33,39,106250000
340,18,LAMPUNG,LAMPUNG SELATAN,RUMPUT LAUT SPINOSUM,2021,4999,9999,267000000
341,81,MALUKU,KAB MALUKU TENGGARA BARAT,RUMPUT LAUT COTTONII,2021,28875,144375,8935620000
342,81,MALUKU,KEPULAUAN ARU,RUMPUT LAUT COTTONII,2021,7833,23501,8935620000
343,81,MALUKU,KOTA AMBON,RUMPUT LAUT COTTONII,2021,4,23,8935620000
344,81,MALUKU,KOTA AMBON,RUMPUT LAUT LAINNYA,2021,20,104,8935620000
345,81,MALUKU,KOTA TUAL,RUMPUT LAUT COTTONII,2021,190888,358995,8935620000
346,81,MALUKU,MALUKU BARAT DAYA,RUMPUT LAUT COTTONII,2021,34155,43530,8935620000
347,81,MALUKU,MALUKU TENGGARA,RUMPUT LAUT COTTONII,2021,31442,55024,8935620000
348,81,MALUKU,SERAM BAGIAN BARAT,RUMPUT LAUT COTTONII,2021,7,21,8935620000
349,81,MALUKU,SERAM BAGIAN TIMUR,RUMPUT LAUT COTTONII,2021,35,177,8935620000
350,81,MALUKU,SERAM BAGIAN TIMUR,RUMPUT LAUT SPINOSUM,2021,51,256,8935620000
351,82,MALUKU UTARA,HALMAHERA BARAT,RUMPUT LAUT SPINOSUM,2021,105,635,368680400
352,82,MALUKU UTARA,HALMAHERA SELATAN,RUMPUT LAUT SPINOSUM,2021,156,938,368680400
353,82,MALUKU UTARA,HALMAHERA TENGAH,RUMPUT LAUT COTTONII,2021,21,130,368680400
354,82,MALUKU UTARA,HALMAHERA TENGAH,RUMPUT LAUT SPINOSUM,2021,31,191,368680400
355,82,MALUKU UTARA,HALMAHERA TIMUR,RUMPUT LAUT COTTONII,2021,637,3031,368680400
356,82,MALUKU UTARA,KEPULAUAN SULA,RUMPUT LAUT SARGASSUM,2021,60299,299445,368680400
357,82,MALUKU UTARA,KOTA TIDORE KEPULAUAN,RUMPUT LAUT SPINOSUM,2021,10,43,368680400
358,82,MALUKU UTARA,PULAU MOROTAI,RUMPUT LAUT SARGASSUM,2021,5885,23542,368680400
359,82,MALUKU UTARA,PULAU TALIABU,RUMPUT LAUT SARGASSUM,2021,19132,88876,368680400
360,52,NUSA TENGGARA BARAT,BIMA,RUMPUT LAUT SPINOSUM,2021,156922,470768,12459740400
361,52,NUSA TENGGARA BARAT,DOMPU,RUMPUT LAUT COTTONII,2021,2176,10880,12459740400
362,52,NUSA TENGGARA BARAT,LOMBOK TENGAH,RUMPUT LAUT COTTONII,2021,31587,84224,12459740400
363,52,NUSA TENGGARA BARAT,LOMBOK TIMUR,RUMPUT LAUT COTTONII,2021,5896,20638,12459740400
364,52,NUSA TENGGARA BARAT,LOMBOK TIMUR,RUMPUT LAUT SPINOSUM,2021,1084,1627,12459740400
365,52,NUSA TENGGARA BARAT,SUMBAWA,RUMPUT LAUT SPINOSUM,2021,473999,1542735,12459740400
366,52,NUSA TENGGARA BARAT,SUMBAWA BARAT,RUMPUT LAUT SPINOSUM,2021,10014,30044,12459740400
367,53,NUSA TENGGARA TIMUR,ALOR,RUMPUT LAUT SPINOSUM,2021,1993,4984,64552159600
368,53,NUSA TENGGARA TIMUR,FLORES TIMUR,RUMPUT LAUT SPINOSUM,2021,71463,178657,64552159600
369,53,NUSA TENGGARA TIMUR,KUPANG,RUMPUT LAUT COTTONII,2021,1166896,2917241,64552159600
370,53,NUSA TENGGARA TIMUR,LEMBATA,RUMPUT LAUT SPINOSUM,2021,408,1021,64552159600
371,53,NUSA TENGGARA TIMUR,NAGEKEO,RUMPUT LAUT SPINOSUM,2021,63,190,64552159600
372,53,NUSA TENGGARA TIMUR,NGADA,RUMPUT LAUT COTTONII,2021,514,1502,64552159600
373,53,NUSA TENGGARA TIMUR,NGADA,RUMPUT LAUT SPINOSUM,2021,176,619,64552159600
374,53,NUSA TENGGARA TIMUR,ROTE NDAO,RUMPUT LAUT SPINOSUM,2021,52117,260588,64552159600
375,53,NUSA TENGGARA TIMUR,SABU RAIJUA,RUMPUT LAUT SPINOSUM,2021,62940,179380,64552159600
376,53,NUSA TENGGARA TIMUR,SUMBA BARAT,RUMPUT LAUT COTTONII,2021,5,17,64552159600
377,53,NUSA TENGGARA TIMUR,SUMBA BARAT DAYA,RUMPUT LAUT SPINOSUM,2021,3621,12674,64552159600
378,53,NUSA TENGGARA TIMUR,SUMBA TIMUR,RUMPUT LAUT COTTONII,2021,65,131,64552159600
379,53,NUSA TENGGARA TIMUR,SUMBA TIMUR,RUMPUT LAUT LAINNYA,2021,32204,80510,64552159600
380,53,NUSA TENGGARA TIMUR,SUMBA TIMUR,RUMPUT LAUT SPINOSUM,2021,66,133,64552159600
381,94,PAPUA,BIAK NUMFOR,RUMPUT LAUT COTTONII,2021,233,350,11799800
382,94,PAPUA,BIAK NUMFOR,RUMPUT LAUT SPINOSUM,2021,335,335,11799800
383,94,PAPUA,KEPULAUAN YAPEN,RUMPUT LAUT COTTONII,2021,86,129,11799800
384,94,PAPUA,SUPIORI,RUMPUT LAUT COTTONII,2021,132,164,11799800
385,91,PAPUA BARAT,FAK FAK,RUMPUT LAUT COTTONII,2021,12,60,8367500
386,91,PAPUA BARAT,KAIMANA,RUMPUT LAUT COTTONII,2021,73,329,8367500
387,91,PAPUA BARAT,KAIMANA,RUMPUT LAUT SPINOSUM,2021,47,213,8367500
388,91,PAPUA BARAT,SORONG,RUMPUT LAUT SPINOSUM,2021,177,1595,8367500
389,91,PAPUA BARAT,TELUK WONDAMA,RUMPUT LAUT COTTONII,2021,432,1513,8367500
390,91,PAPUA BARAT,TELUK WONDAMA,RUMPUT LAUT SPINOSUM,2021,27,94,8367500
391,76,SULAWESI BARAT,MAMUJU,RUMPUT LAUT COTTONII,2021,9817,24544,2598413600
392,76,SULAWESI BARAT,MAMUJU,RUMPUT LAUT SPINOSUM,2021,45808,114521,2598413600
393,76,SULAWESI BARAT,MAMUJU TENGAH,RUMPUT LAUT COTTONII,2021,6928,23305,2598413600
394,76,SULAWESI BARAT,POLEWALI MANDAR,RUMPUT LAUT SPINOSUM,2021,14716,73581,2598413600
395,73,SULAWESI SELATAN,BANTAENG,RUMPUT LAUT COTTONII,2021,47769,162620,40443944200
396,73,SULAWESI SELATAN,BANTAENG,RUMPUT LAUT SPINOSUM,2021,38900,52368,40443944200
397,73,SULAWESI SELATAN,BARRU,RUMPUT LAUT COTTONII,2021,669,2613,40443944200
398,73,SULAWESI SELATAN,BONE,RUMPUT LAUT SPINOSUM,2021,195343,849975,40443944200
399,73,SULAWESI SELATAN,BULUKUMBA,RUMPUT LAUT COTTONII,2021,110363,220726,40443944200
400,73,SULAWESI SELATAN,BULUKUMBA,RUMPUT LAUT SPINOSUM,2021,110879,565485,40443944200
401,73,SULAWESI SELATAN,JENEPONTO,RUMPUT LAUT COTTONII,2021,239946,662105,40443944200
402,73,SULAWESI SELATAN,JENEPONTO,RUMPUT LAUT SPINOSUM,2021,14265,30690,40443944200
403,73,SULAWESI SELATAN,KEPULAUAN SELAYAR,RUMPUT LAUT COTTONII,2021,304,1295,40443944200
404,73,SULAWESI SELATAN,KEPULAUAN SELAYAR,RUMPUT LAUT SPINOSUM,2021,54,58,40443944200
405,73,SULAWESI SELATAN,KOTA PALOPO,RUMPUT LAUT SPINOSUM,2021,32302,131655,40443944200
406,73,SULAWESI SELATAN,LUWU,RUMPUT LAUT SPINOSUM,2021,291331,801161,40443944200
407,73,SULAWESI SELATAN,LUWU TIMUR,RUMPUT LAUT COTTONII,2021,140467,350848,40443944200
408,73,SULAWESI SELATAN,LUWU UTARA,RUMPUT LAUT COTTONII,2021,39571,106648,40443944200
409,73,SULAWESI SELATAN,MAROS,RUMPUT LAUT SPINOSUM,2021,20,45,40443944200
410,73,SULAWESI SELATAN,PANGKAJENE KEPULAUAN,RUMPUT LAUT COTTONII,2021,323800,809502,40443944200
411,73,SULAWESI SELATAN,PANGKAJENE KEPULAUAN,RUMPUT LAUT SPINOSUM,2021,113040,84780,40443944200
412,73,SULAWESI SELATAN,PINRANG,RUMPUT LAUT SPINOSUM,2021,19373,72946,40443944200
413,73,SULAWESI SELATAN,SINJAI,RUMPUT LAUT SPINOSUM,2021,20466,21451,40443944200
414,73,SULAWESI SELATAN,TAKALAR,RUMPUT LAUT COTTONII,2021,309753,1746972,40443944200
415,73,SULAWESI SELATAN,TAKALAR,RUMPUT LAUT GRACILARIA,2021,22471,89885,40443944200
416,73,SULAWESI SELATAN,TAKALAR,RUMPUT LAUT SPINOSUM,2021,195399,1032227,40443944200
417,73,SULAWESI SELATAN,WAJO,RUMPUT LAUT COTTONII,2021,436560,1849223,40443944200
418,72,SULAWESI TENGAH,BANGGAI,RUMPUT LAUT COTTONII,2021,3625,14500,11267713300
419,72,SULAWESI TENGAH,BANGGAI LAUT,RUMPUT LAUT COTTONII,2021,28356,105775,11267713300
420,72,SULAWESI TENGAH,DONGGALA,RUMPUT LAUT COTTONII,2021,1652,11564,11267713300
421,72,SULAWESI TENGAH,DONGGALA,RUMPUT LAUT SPINOSUM,2021,1551,7755,11267713300
422,72,SULAWESI TENGAH,MOROWALI,RUMPUT LAUT COTTONII,2021,59129,118258,11267713300
423,72,SULAWESI TENGAH,MOROWALI,RUMPUT LAUT SPINOSUM,2021,9385,16423,11267713300
424,72,SULAWESI TENGAH,MOROWALI UTARA,RUMPUT LAUT COTTONII,2021,36,144,11267713300
425,72,SULAWESI TENGAH,PARIGI MOUTONG,RUMPUT LAUT COTTONII,2021,2046,8742,11267713300
426,72,SULAWESI TENGAH,PARIGI MOUTONG,RUMPUT LAUT SPINOSUM,2021,1308,2808,11267713300
427,72,SULAWESI TENGAH,POSO,RUMPUT LAUT COTTONII,2021,771,2313,11267713300
428,72,SULAWESI TENGAH,POSO,RUMPUT LAUT SPINOSUM,2021,619,1238,11267713300
429,72,SULAWESI TENGAH,TOJO UNA UNA,RUMPUT LAUT SPINOSUM,2021,2316,6947,11267713300
430,72,SULAWESI TENGAH,TOLI TOLI,RUMPUT LAUT COTTONII,2021,182,182,11267713300
431,72,SULAWESI TENGAH,TOLI TOLI,RUMPUT LAUT SPINOSUM,2021,15,15,11267713300
432,74,SULAWESI TENGGARA,BOMBANA,RUMPUT LAUT COTTONII,2021,5809,29321,4581162500
433,74,SULAWESI TENGGARA,BOMBANA,RUMPUT LAUT SPINOSUM,2021,11648,20800,4581162500
434,74,SULAWESI TENGGARA,BUTON,RUMPUT LAUT SPINOSUM,2021,272,417,4581162500
435,74,SULAWESI TENGGARA,BUTON SELATAN,RUMPUT LAUT COTTONII,2021,2286,6858,4581162500
436,74,SULAWESI TENGGARA,BUTON TENGAH,RUMPUT LAUT COTTONII,2021,21232,76090,4581162500
437,74,SULAWESI TENGGARA,BUTON TENGAH,RUMPUT LAUT SPINOSUM,2021,15419,26984,4581162500
438,74,SULAWESI TENGGARA,BUTON UTARA,RUMPUT LAUT COTTONII,2021,25383,63457,4581162500
439,74,SULAWESI TENGGARA,KOLAKA,RUMPUT LAUT COTTONII,2021,28142,90762,4581162500
440,74,SULAWESI TENGGARA,KOLAKA UTARA,RUMPUT LAUT COTTONII,2021,8429,28602,4581162500
441,74,SULAWESI TENGGARA,KONAWE KEPULAUAN,RUMPUT LAUT COTTONII,2021,12,49,4581162500
442,74,SULAWESI TENGGARA,KONAWE SELATAN,RUMPUT LAUT COTTONII,2021,30814,154070,4581162500
443,74,SULAWESI TENGGARA,KONAWE SELATAN,RUMPUT LAUT SPINOSUM,2021,6474,32370,4581162500
444,74,SULAWESI TENGGARA,KOTA BAU BAU,RUMPUT LAUT SPINOSUM,2021,18235,54706,4581162500
445,74,SULAWESI TENGGARA,MUNA,RUMPUT LAUT COTTONII,2021,89323,207221,4581162500
446,74,SULAWESI TENGGARA,MUNA,RUMPUT LAUT SPINOSUM,2021,246,154,4581162500
447,74,SULAWESI TENGGARA,MUNA BARAT,RUMPUT LAUT SPINOSUM,2021,2739,3590,4581162500
448,74,SULAWESI TENGGARA,WAKATOBI,RUMPUT LAUT COTTONII,2021,8586,30684,4581162500
449,74,SULAWESI TENGGARA,WAKATOBI,RUMPUT LAUT SPINOSUM,2021,21693,25132,4581162500
450,71,SULAWESI UTARA,KEPULAUAN SANGIHE,RUMPUT LAUT SPINOSUM,2021,2,17,1951883500
451,71,SULAWESI UTARA,MINAHASA SELATAN,RUMPUT LAUT SPINOSUM,2021,7,38,1951883500
452,71,SULAWESI UTARA,MINAHASA TENGGARA,RUMPUT LAUT SPINOSUM,2021,37,148,1951883500
453,71,SULAWESI UTARA,MINAHASA UTARA,RUMPUT LAUT COTTONII,2021,26398,105592,1951883500
454,71,SULAWESI UTARA,MINAHASA UTARA,RUMPUT LAUT SPINOSUM,2021,158151,599247,1951883500
455,51,BALI,BULELENG,RUMPUT LAUT,2022,61,122,40216000
456,51,BALI,KLUNGKUNG,RUMPUT LAUT,2022,11409,39328,40216000
457,51,BALI,KOTA DENPASAR,RUMPUT LAUT,2022,286,688,40216000
458,36,BANTEN,SERANG,RUMPUT LAUT,2022,13742,68713,60000000
459,31,DKI JAKARTA,ADM KEP SERIBU,RUMPUT LAUT,2022,2,15,45000
460,75,GORONTALO,GORONTALO UTARA,RUMPUT LAUT,2022,12145,72873,391400000
461,75,GORONTALO,PAHUWATO,RUMPUT LAUT,2022,2,11,391400000
462,33,JAWA TENGAH,JEPARA,RUMPUT LAUT,2022,24473,37913,1200000000
463,35,JAWA TIMUR,BANYUWANGI,RUMPUT LAUT,2022,80,176,62363722000
464,35,JAWA TIMUR,PACITAN,RUMPUT LAUT,2022,14,59,62363722000
465,35,JAWA TIMUR,SITUBONDO,RUMPUT LAUT,2022,883,2483,62363722000
466,35,JAWA TIMUR,SUMENEP,RUMPUT LAUT,2022,644293,2502291,62363722000
467,61,KALIMANTAN BARAT,BENGKAYANG,RUMPUT LAUT,2022,44,1850,1690000
468,61,KALIMANTAN BARAT,KAYONG UTARA,RUMPUT LAUT,2022,36,83,1690000
469,64,KALIMANTAN TIMUR,KOTA BALIKPAPAN,RUMPUT LAUT,2022,325,1626,131784000
470,64,KALIMANTAN TIMUR,KOTA BONTANG,RUMPUT LAUT,2022,4184,14636,131784000
471,64,KALIMANTAN TIMUR,KUTAI KARTANEGARA,RUMPUT LAUT,2022,775,5425,131784000
472,64,KALIMANTAN TIMUR,KUTAI TIMUR,RUMPUT LAUT,2022,110,446,131784000
473,65,KALIMANTAN UTARA,KOTA TARAKAN,RUMPUT LAUT,2022,201508,849899,12155520000
474,65,KALIMANTAN UTARA,NUNUKAN,RUMPUT LAUT,2022,587458,1385908,12155520000
475,21,KEPULAUAN RIAU,KARIMUN,RUMPUT LAUT,2022,1625,2032,26000000
476,21,KEPULAUAN RIAU,KOTA BATAM,RUMPUT LAUT,2022,1595,1914,26000000
477,21,KEPULAUAN RIAU,LINGGA,RUMPUT LAUT,2022,9,9,26000000
478,21,KEPULAUAN RIAU,NATUNA,RUMPUT LAUT,2022,46,55,26000000
479,18,LAMPUNG,LAMPUNG SELATAN,RUMPUT LAUT,2022,5455,10911,267000000
480,81,MALUKU,BURU,RUMPUT LAUT,2022,2,17,6893241000
481,81,MALUKU,KAB MALUKU TENGGARA BARAT,RUMPUT LAUT,2022,43039,215196,6893241000
482,81,MALUKU,KEPULAUAN ARU,RUMPUT LAUT,2022,5668,16320,6893241000
483,81,MALUKU,KOTA AMBON,RUMPUT LAUT,2022,0,4,6893241000
484,81,MALUKU,KOTA TUAL,RUMPUT LAUT,2022,157412,1561271,6893241000
485,81,MALUKU,MALUKU BARAT DAYA,RUMPUT LAUT,2022,27013,82379,6893241000
486,81,MALUKU,MALUKU TENGGARA,RUMPUT LAUT,2022,34409,125243,6893241000
487,81,MALUKU,SERAM BAGIAN BARAT,RUMPUT LAUT,2022,24,120,6893241000
488,81,MALUKU,SERAM BAGIAN TIMUR,RUMPUT LAUT,2022,107,269,6893241000
489,82,MALUKU UTARA,HALMAHERA BARAT,RUMPUT LAUT,2022,470,2822,454850000
490,82,MALUKU UTARA,HALMAHERA SELATAN,RUMPUT LAUT,2022,58725,704700,454850000
491,82,MALUKU UTARA,HALMAHERA TENGAH,RUMPUT LAUT,2022,818,7362,454850000
492,82,MALUKU UTARA,HALMAHERA TIMUR,RUMPUT LAUT,2022,766,4598,454850000
493,82,MALUKU UTARA,KEPULAUAN SULA,RUMPUT LAUT,2022,32820,196920,454850000
494,82,MALUKU UTARA,PULAU MOROTAI,RUMPUT LAUT,2022,963,5780,454850000
495,82,MALUKU UTARA,PULAU TALIABU,RUMPUT LAUT,2022,40510,243064,454850000
496,52,NUSA TENGGARA BARAT,BIMA,RUMPUT LAUT,2022,143974,575899,12807720000
497,52,NUSA TENGGARA BARAT,DOMPU,RUMPUT LAUT,2022,3087,7851,12807720000
498,52,NUSA TENGGARA BARAT,LOMBOK TENGAH,RUMPUT LAUT,2022,31512,94538,12807720000
499,52,NUSA TENGGARA BARAT,LOMBOK TIMUR,RUMPUT LAUT,2022,23223,57590,12807720000
500,52,NUSA TENGGARA BARAT,SUMBAWA,RUMPUT LAUT,2022,473185,2720814,12807720000
501,52,NUSA TENGGARA BARAT,SUMBAWA BARAT,RUMPUT LAUT,2022,8017,39515,12807720000
502,53,NUSA TENGGARA TIMUR,ALOR,RUMPUT LAUT,2022,2014,7050,6863010700
503,53,NUSA TENGGARA TIMUR,FLORES TIMUR,RUMPUT LAUT,2022,50977,178422,6863010700
504,53,NUSA TENGGARA TIMUR,KUPANG,RUMPUT LAUT,2022,1175123,4112933,6863010700
505,53,NUSA TENGGARA TIMUR,LEMBATA,RUMPUT LAUT,2022,123,431,6863010700
506,53,NUSA TENGGARA TIMUR,MANGGARAI BARAT,RUMPUT LAUT,2022,137,480,6863010700
507,53,NUSA TENGGARA TIMUR,NAGEKEO,RUMPUT LAUT,2022,70,245,6863010700
508,53,NUSA TENGGARA TIMUR,NGADA,RUMPUT LAUT,2022,163,571,6863010700
509,53,NUSA TENGGARA TIMUR,ROTE NDAO,RUMPUT LAUT,2022,88027,379435,6863010700
510,53,NUSA TENGGARA TIMUR,SABU RAIJUA,RUMPUT LAUT,2022,53921,162205,6863010700
511,53,NUSA TENGGARA TIMUR,SUMBA BARAT DAYA,RUMPUT LAUT,2022,1330,4656,6863010700
512,53,NUSA TENGGARA TIMUR,SUMBA TIMUR,RUMPUT LAUT,2022,31446,110061,6863010700
513,94,PAPUA,BIAK NUMFOR,RUMPUT LAUT,2022,569,686,6654400
514,94,PAPUA,KEPULAUAN YAPEN,RUMPUT LAUT,2022,86,129,6654400
515,94,PAPUA,SUPIORI,RUMPUT LAUT,2022,132,164,6654400
516,91,PAPUA BARAT,FAK FAK,RUMPUT LAUT,2022,13,66,7727500
517,91,PAPUA BARAT,KAIMANA,RUMPUT LAUT,2022,94,425,7727500
518,91,PAPUA BARAT,SORONG,RUMPUT LAUT,2022,177,1595,7727500
519,91,PAPUA BARAT,TELUK WONDAMA,RUMPUT LAUT,2022,461,1615,7727500
520,76,SULAWESI BARAT,MAMUJU,RUMPUT LAUT,2022,1868,9792,2498400000
521,76,SULAWESI BARAT,MAMUJU TENGAH,RUMPUT LAUT,2022,9,77,2498400000
522,76,SULAWESI BARAT,POLEWALI MANDAR,RUMPUT LAUT,2022,14446,86678,2498400000
523,73,SULAWESI SELATAN,BANTAENG,RUMPUT LAUT,2022,89164,314032,40805418000
524,73,SULAWESI SELATAN,BARRU,RUMPUT LAUT,2022,949,5274,40805418000
525,73,SULAWESI SELATAN,BONE,RUMPUT LAUT,2022,200900,1406306,40805418000
526,73,SULAWESI SELATAN,BULUKUMBA,RUMPUT LAUT,2022,188969,1069054,40805418000
527,73,SULAWESI SELATAN,JENEPONTO,RUMPUT LAUT,2022,245429,1593241,40805418000
528,73,SULAWESI SELATAN,KEPULAUAN SELAYAR,RUMPUT LAUT,2022,381,1685,40805418000
529,73,SULAWESI SELATAN,KOTA PALOPO,RUMPUT LAUT,2022,32355,204752,40805418000
530,73,SULAWESI SELATAN,KOTA PARE PARE,RUMPUT LAUT,2022,7,47,40805418000
531,73,SULAWESI SELATAN,LUWU,RUMPUT LAUT,2022,312970,1808145,40805418000
532,73,SULAWESI SELATAN,LUWU TIMUR,RUMPUT LAUT,2022,145978,727015,40805418000
533,73,SULAWESI SELATAN,LUWU UTARA,RUMPUT LAUT,2022,40956,135437,40805418000
534,73,SULAWESI SELATAN,MAROS,RUMPUT LAUT,2022,25,125,40805418000
535,73,SULAWESI SELATAN,PANGKAJENE KEPULAUAN,RUMPUT LAUT,2022,396005,917527,40805418000
536,73,SULAWESI SELATAN,PINRANG,RUMPUT LAUT,2022,24405,97620,40805418000
537,73,SULAWESI SELATAN,SINJAI,RUMPUT LAUT,2022,25737,27543,40805418000
538,73,SULAWESI SELATAN,TAKALAR,RUMPUT LAUT,2022,528504,3309534,40805418000
539,73,SULAWESI SELATAN,WAJO,RUMPUT LAUT,2022,439665,2313412,40805418000
540,72,SULAWESI TENGAH,BANGGAI,RUMPUT LAUT,2022,350,2450,16318490000
541,72,SULAWESI TENGAH,BANGGAI KEPULAUAN,RUMPUT LAUT,2022,562677,5641565,16318490000
542,72,SULAWESI TENGAH,BANGGAI LAUT,RUMPUT LAUT,2022,29003,72507,16318490000
543,72,SULAWESI TENGAH,DONGGALA,RUMPUT LAUT,2022,2956,20692,16318490000
544,72,SULAWESI TENGAH,MOROWALI,RUMPUT LAUT,2022,46050,281370,16318490000
545,72,SULAWESI TENGAH,MOROWALI UTARA,RUMPUT LAUT,2022,78,704,16318490000
546,72,SULAWESI TENGAH,PARIGI MOUTONG,RUMPUT LAUT,2022,1591,7102,16318490000
547,72,SULAWESI TENGAH,POSO,RUMPUT LAUT,2022,1732,4563,16318490000
548,72,SULAWESI TENGAH,TOJO UNA UNA,RUMPUT LAUT,2022,7029,21087,16318490000
549,72,SULAWESI TENGAH,TOLI TOLI,RUMPUT LAUT,2022,25,38,16318490000
550,74,SULAWESI TENGGARA,BOMBANA,RUMPUT LAUT,2022,19305,120084,10721615100
551,74,SULAWESI TENGGARA,BUTON,RUMPUT LAUT,2022,3688,8030,10721615100
552,74,SULAWESI TENGGARA,BUTON SELATAN,RUMPUT LAUT,2022,1919,5759,10721615100
553,74,SULAWESI TENGGARA,BUTON TENGAH,RUMPUT LAUT,2022,28724,137060,10721615100
554,74,SULAWESI TENGGARA,BUTON UTARA,RUMPUT LAUT,2022,26277,71634,10721615100
555,74,SULAWESI TENGGARA,KOLAKA,RUMPUT LAUT,2022,28962,161233,10721615100
556,74,SULAWESI TENGGARA,KOLAKA UTARA,RUMPUT LAUT,2022,751,2999,10721615100
557,74,SULAWESI TENGGARA,KONAWE KEPULAUAN,RUMPUT LAUT,2022,5,31,10721615100
558,74,SULAWESI TENGGARA,KONAWE SELATAN,RUMPUT LAUT,2022,37285,261001,10721615100
559,74,SULAWESI TENGGARA,KOTA BAU BAU,RUMPUT LAUT,2022,18400,55202,10721615100
560,74,SULAWESI TENGGARA,MUNA,RUMPUT LAUT,2022,112441,390101,10721615100
561,74,SULAWESI TENGGARA,MUNA BARAT,RUMPUT LAUT,2022,2734,46824,10721615100
562,74,SULAWESI TENGGARA,WAKATOBI,RUMPUT LAUT,2022,32606,37541,10721615100
563,71,SULAWESI UTARA,KEPULAUAN SANGIHE,RUMPUT LAUT,2022,2,18,1952475000
564,71,SULAWESI UTARA,MINAHASA,RUMPUT LAUT,2022,1,5,1952475000
565,71,SULAWESI UTARA,MINAHASA SELATAN,RUMPUT LAUT,2022,6,32,1952475000
566,71,SULAWESI UTARA,MINAHASA TENGGARA,RUMPUT LAUT,2022,37,151,1952475000
567,71,SULAWESI UTARA,MINAHASA UTARA,RUMPUT LAUT,2022,183283,700473,1952475000